{

	"metadata" :
	{
		"formatVersion" : 3.1,
		"generatedBy"   : "Blender 2.65 Exporter",
		"vertices"      : 67,
		"faces"         : 94,
		"normals"       : 67,
		"colors"        : 0,
		"uvs"           : [],
		"materials"     : 1,
		"morphTargets"  : 0,
		"bones"         : 0
	},

	"scale" : 1.000000,

	"materials" : [	{
		"DbgColor" : 15658734,
		"DbgIndex" : 0,
		"DbgName" : "default",
		"vertexColors" : false
	}],

	"vertices" : [0.0300506,0.0388523,-1.04718,0.0300506,2.03885,-0.0471752,0.225141,0.0388523,-1.02796,0.412734,0.0388523,-0.971055,0.585621,0.0388523,-0.878645,0.737157,0.0388523,-0.754282,0.86152,0.0388523,-0.602745,0.95393,0.0388523,-0.429859,1.01084,0.0388523,-0.242265,1.03005,0.0388523,-0.0471752,1.01084,0.0388523,0.147915,0.95393,0.0388523,0.335508,0.86152,0.0388523,0.508395,0.737157,0.0388524,0.659932,0.585621,0.0388524,0.784295,0.412734,0.0388524,0.876704,0.225141,0.0388524,0.93361,0.0300503,0.0388524,0.952825,-0.16504,0.0388524,0.93361,-0.352633,0.0388524,0.876704,-0.52552,0.0388524,0.784294,-0.677057,0.0388524,0.659931,-0.801419,0.0388523,0.508395,-0.893829,0.0388523,0.335508,-0.950735,0.0388523,0.147914,-0.969949,0.0388523,-0.0471761,-0.950734,0.0388523,-0.242266,-0.893828,0.0388523,-0.42986,-0.801418,0.0388523,-0.602746,-0.677055,0.0388523,-0.754283,-0.525518,0.0388523,-0.878645,-0.352631,0.0388523,-0.971055,-0.165038,0.0388523,-1.02796,0.0300506,-2.96115,-1.04717,0.225141,-2.96115,-1.02796,0.412734,-2.96115,-0.971055,0.585621,-2.96115,-0.878645,0.737157,-2.96115,-0.754282,0.86152,-2.96115,-0.602745,0.95393,-2.96115,-0.429858,1.01084,-2.96115,-0.242265,1.03005,-2.96115,-0.047175,1.01084,-2.96115,0.147915,0.95393,-2.96115,0.335508,0.86152,-2.96115,0.508395,0.737157,-2.96115,0.659932,0.585621,-2.96115,0.784295,0.412734,-2.96115,0.876705,0.225141,-2.96115,0.93361,0.0300503,-2.96115,0.952825,0.0300506,-2.96115,-1.04717,0.0300503,-2.96115,0.952825,-0.16504,-2.96115,0.93361,-0.352633,-2.96115,0.876704,-0.52552,-2.96115,0.784294,-0.677057,-2.96115,0.659931,-0.801419,-2.96115,0.508395,-0.893829,-2.96115,0.335508,-0.950735,-2.96115,0.147914,-0.969949,-2.96115,-0.0471759,-0.950734,-2.96115,-0.242266,-0.893828,-2.96115,-0.429859,-0.801418,-2.96115,-0.602746,-0.677055,-2.96115,-0.754283,-0.525518,-2.96115,-0.878645,-0.352631,-2.96115,-0.971055,-0.165038,-2.96115,-1.02796],

	"morphTargets" : [],

	"normals" : [0.094852,-0.96878,0.229011,0,1,0,0.048341,-0.96878,0.24311,0,-0.96878,0.247871,-0.048341,-0.96878,0.24311,-0.094852,-0.96878,0.229011,0.1377,-0.96878,0.206091,0.175268,-0.96878,0.175268,0.206091,-0.96878,0.1377,0.229011,-0.96878,0.094852,0.24311,-0.96878,0.048341,0.247871,-0.96878,0,0.24311,-0.96878,-0.048341,0.229011,-0.96878,-0.094852,0.206091,-0.96878,-0.1377,0.175268,-0.96878,-0.175268,0.1377,-0.96878,-0.206091,0.094852,-0.96878,-0.229011,0.048341,-0.96878,-0.24311,0,-0.96878,-0.247871,-0.048341,-0.96878,-0.24311,-0.094852,-0.96878,-0.229011,-0.1377,-0.96878,-0.206091,-0.175268,-0.96878,-0.175268,-0.206091,-0.96878,-0.1377,-0.229011,-0.96878,-0.094852,-0.24311,-0.96878,-0.048341,-0.247871,-0.96878,0,-0.24311,-0.96878,0.048341,-0.229011,-0.96878,0.094852,-0.206091,-0.96878,0.1377,-0.175268,-0.96878,0.175268,-0.1377,-0.96878,0.206091,-0.382672,0,0.923856,-0.555559,0,0.831446,-0.097995,0,0.995178,-0.195074,0,0.980773,-0.195074,0,-0.980773,-0.097995,0,-0.995178,-0.707083,0,-0.707083,-0.555559,0,-0.831446,-0.980773,0,-0.195074,-0.923856,0,-0.382672,-0.923856,0,0.382672,-0.980773,0,0.195074,-0.707083,0,0.707083,-0.382672,0,-0.923856,-0.831446,0,-0.555559,-0.999969,0,0,-0.831446,0,0.555559,0.382672,0,0.923856,0.195074,0,0.980773,0.831446,0,0.555559,0.707083,0,0.707083,0.999969,0,0,0.980773,0,0.195074,0.831446,0,-0.555559,0.923856,0,-0.382672,0.382672,0,-0.923856,0.555559,0,-0.831446,0.097995,0,0.995178,0.555559,0,0.831446,0.923856,0,0.382672,0.980773,0,-0.195074,0.707083,0,-0.707083,0.097995,0,-0.995178,0.195074,0,-0.980773],

	"colors" : [],

	"uvs" : [],

	"faces" : [34,31,1,32,0,0,1,2,34,0,1,2,0,3,1,4,34,1,0,32,0,1,3,2,34,2,1,3,0,4,1,5,34,30,1,31,0,6,1,0,34,29,1,30,0,7,1,6,34,28,1,29,0,8,1,7,34,27,1,28,0,9,1,8,34,26,1,27,0,10,1,9,34,25,1,26,0,11,1,10,34,24,1,25,0,12,1,11,34,23,1,24,0,13,1,12,34,22,1,23,0,14,1,13,34,21,1,22,0,15,1,14,34,20,1,21,0,16,1,15,34,19,1,20,0,17,1,16,34,18,1,19,0,18,1,17,34,17,1,18,0,19,1,18,34,16,1,17,0,20,1,19,34,15,1,16,0,21,1,20,34,14,1,15,0,22,1,21,34,13,1,14,0,23,1,22,34,12,1,13,0,24,1,23,34,11,1,12,0,25,1,24,34,10,1,11,0,26,1,25,34,9,1,10,0,27,1,26,34,8,1,9,0,28,1,27,34,7,1,8,0,29,1,28,34,6,1,7,0,30,1,29,34,5,1,6,0,31,1,30,34,4,1,5,0,32,1,31,34,3,1,4,0,5,1,32,34,16,17,18,0,20,19,18,34,15,16,18,0,21,20,18,34,15,18,19,0,21,18,17,34,14,15,19,0,22,21,17,34,14,19,20,0,22,17,16,34,13,14,20,0,23,22,16,34,13,20,21,0,23,16,15,34,12,13,21,0,24,23,15,34,12,21,22,0,24,15,14,34,11,12,22,0,25,24,14,34,11,22,23,0,25,14,13,34,10,11,23,0,26,25,13,34,10,23,24,0,26,13,12,34,9,10,24,0,27,26,12,34,9,24,25,0,27,12,11,34,8,9,25,0,28,27,11,34,8,25,26,0,28,11,10,34,7,8,26,0,29,28,10,34,7,26,27,0,29,10,9,34,6,7,27,0,30,29,9,34,6,27,28,0,30,9,8,34,5,6,28,0,31,30,8,34,5,28,29,0,31,8,7,34,4,5,29,0,32,31,7,34,4,29,30,0,32,7,6,34,3,4,30,0,5,32,6,34,3,30,31,0,5,6,0,34,2,3,31,0,4,5,0,34,2,31,32,0,4,0,2,34,0,2,32,0,3,4,2,35,4,3,35,36,0,32,5,33,34,35,2,0,33,34,0,4,3,35,36,35,17,16,48,49,0,19,20,37,38,35,14,13,45,46,0,22,23,39,40,35,11,10,42,43,0,25,26,41,42,35,8,7,39,40,0,28,29,43,44,35,5,4,36,37,0,31,32,34,45,35,15,14,46,47,0,21,22,40,46,35,12,11,43,44,0,24,25,42,47,35,9,8,40,41,0,27,28,44,48,35,6,5,37,38,0,30,31,45,49,35,3,2,34,35,0,5,4,36,33,35,16,15,47,48,0,20,21,46,37,35,13,12,44,45,0,23,24,47,39,35,10,9,41,42,0,26,27,48,41,35,7,6,38,39,0,29,30,49,43,35,32,31,65,66,0,2,0,50,51,35,29,28,62,63,0,7,8,52,53,35,26,25,59,60,0,10,11,54,55,35,23,22,56,57,0,13,14,56,57,35,20,19,53,54,0,16,17,58,59,35,0,32,66,50,0,3,2,51,60,35,30,29,63,64,0,6,7,53,61,35,27,26,60,61,0,9,10,55,62,35,24,23,57,58,0,12,13,57,63,35,21,20,54,55,0,15,16,59,64,35,18,17,51,52,0,18,19,65,66,35,31,30,64,65,0,0,6,61,50,35,28,27,61,62,0,8,9,62,52,35,25,24,58,59,0,11,12,63,54,35,22,21,55,56,0,14,15,64,56,35,19,18,52,53,0,17,18,66,58],

	"bones" : [],

	"skinIndices" : [],

	"skinWeights" : [],

	"animation" : {}


}
